CONTRACT_ID,AVERAGE_REVENUE
1167,428.191875
8721,384.387
2207,356.328
5291,422.595
7509,377.82
7633,407.67
8959,407.67
16592,452.445
19237,392.745
21527,347.97
25435,333.045
12092,551.196666667
18358,531.63
823,505.83
9701,447.83
14311,486.496666667
17707,428.496666667
27699,409.163333333
29480,409.163333333
29658,492.496666667
21569,207.895
19854,420.35625
20633,377.82
13330,472.93
29382,467.163333333
19773,611.070666667
15098,269.145
15551,467.163333333
23000,409.163333333
